{
	"total_theaters": 4,
	"theaters": [
		{
			"name": "DH Multiplex - Brisas del Volador",
			"address": "Brisas del Volador Shopping – Panamericana Km 50 – Las Magnolias 754 Pilar",
			"description": "El complejo Multiplex Palmas del Pilar cuenta con un amplio y cómodo estacionamiento sin cargo, seguridad privada, venta on line, terminales autoservicio y venta en boletería. Multiplex Palmas del Pilar es el complejo más moderno de la empresa.Está dotado de proyectores, pantallas y sonido de última generación.Una propuesta de 9 salas 2 D, 3 D, 3 D Xtremo, 4 D y Sala Premium Platinum diseñadas especialmente para un público exigente y amante del buen cine.",
			"total_rooms": 5
		},
		{
			"name": "DH Lavalle",
			"address": "Lavalle 780 C.A.B.A",
			"description": "Cines Multiplex lleva adelante la operación de este complejo que es el único que permanece en la peatonal Lavalle donde supieron funcionar, en las épocas de gloria, más de 28 salas de cine.",
			"total_rooms": 3
		},
		{
			"name": "DH Multiplex - Canning",
			"address": "Formosa 653 Canning, Ezeiza (Shopping Las Toscas)",
			"description": "Este complejo de 6 salas se complementa excelentemente bien con los locales comerciales y especialmente gastronómicos del Shopping Las Toscas, dentro del cual se encuentra funcionando, brindando al espectador la posibilidad de disfrutar de una salida completa dentro del mismo ámbito.",
			"total_rooms": 6
		},
		{
			"name": "DH Arte Multiplex",
			"address": "Av. Cabildo 2829 C.A.B.A",
			"description": "En Cine Arte Multiplex pueden disfrutarse todas las películas de los Oscars, los mejores ciclos de cine Francés , Ruso, Alemán, entre otros,  las buenas películas que en cartelera de los circuitos tradicionales  a veces no encuentran espacio  tienen su lugar   en  las salas de este complejo.",
			"total_rooms": 2
		}
	]
}